Department Name,Department ID,Total Actions,Total Dollars,Large Business Actions,Large Business Dollars,Small Business Actions,Small Business Dollars,Total Education Actions,HBCU (Historically Black College or University) Actions,MI (Minority Institutions) Actions,HBCU and MI Actions,Other Education Actions,Total Education Dollars,HBCU (Historically Black College or University) Dollars,MI (Minority Institutions) Dollars,Total of HBCU and MI Dollars,Other Education Dollars,Indian Tribe (Federally Recognized) Actions,Indian Tribe (Federally Recognized) Dollars,Native Hawaiian Organization Owned Firm Actions,Native Hawaiian Organization Owned Firm Dollars,Tribally Owned Firm Actions,Tribally Owned Firm Dollars,Total Minority-Owned Business Actions,Asian-Pacific American Owned Actions,Black American Owned Actions,Hispanic American Owned Actions,Native American Owned Actions,Subcontinent Asian (Asian-Indian) Owned Actions,Other Minority-Owned Business Actions,Total Minority-Owned Business Dollars,Asian-Pacific American Owned Dollars,Black American Owned Dollars,Hispanic American Owned Dollars,Native American Owned Dollars,Subcontinent Asian (Asian-Indian) Owned Dollars,Other Minority-Owned Business Dollars,American Indian Owned Actions,American Indian Owned Dollars,US Tribal Government Actions,US Tribal Government Dollars,Alaskan Native Corporation Owned Firm Actions,Alaskan Native Corporation Owned Firm Dollars,U.S. Hospital Actions,U.S. Hospital Dollars,UNICOR Actions,UNICOR Dollars,Other U.S. Government Actions,Other U.S. Government Dollars,Non Profit Actions,Non Profit Dollars,The AbilityOne Program Actions,The AbilityOne Program Dollars,Foreign Concern or Entity Actions,Foreign Concern or Entity Dollars,U.S. Business Performing Overseas Actions,U.S. Business Performing Overseas Dollars
DEPT OF DEFENSE,9700,"236,199,743","$1,597,561,677,490.77 ","228,317,944","$1,226,548,975,527.87 ","7,517,410","$322,585,389,821.11 ","32,023",220,"1,548","1,768","30,255","$13,403,131,155.50 ","$11,909,258.27 ","$217,272,860.31 ","$229,182,118.58 ","$13,173,949,036.92 ","17,120","$5,991,365,081.83 ","12,343","$4,022,548,199.51 ","34,070","$12,482,947,231.76 ","1,077,936","275,697","160,946","196,712","127,034","178,713","138,942","$123,990,730,582.56 ","$17,312,952,870.43 ","$20,383,968,146.03 ","$23,142,876,168.12 ","$41,981,981,652.99 ","$15,336,831,099.47 ","$5,869,084,373.29 ","51,432","$10,402,091,411.82 ",306,"$15,024,235.51 ","63,438","$26,265,010,792.09 ","1,382","$543,226,352.23 ","4,995","$598,527,672.24 ","105,333","$5,301,230,852.77 ","242,166","$39,961,010,796.43 ","204,917","$9,414,747,974.42 ","527,329","$48,401,119,810.93 ","5,972,516","$44,089,046,756.69 "
"VETERANS AFFAIRS, DEPARTMENT OF",3600,"73,062,615","$180,500,487,966.95 ","71,665,790","$135,859,722,654.61 ","1,152,172","$40,541,655,764.28 ","10,094",3,178,181,"9,913","$689,595,793.36 ","$610,924.55 ","$16,840,450.07 ","$17,451,374.62 ","$672,144,418.74 ",900,"$12,194,255.91 ",103,"$7,971,373.48 ",56,"$9,167,839.01 ","63,605","11,707","23,161","15,930","3,101","4,788","4,919","$9,349,878,842.45 ","$1,335,926,272.55 ","$2,550,673,252.44 ","$3,374,836,887.41 ","$363,247,734.18 ","$1,090,325,604.65 ","$634,908,308.42 ","2,683","$327,365,665.86 ",503,"$977,554.71 ",71,"$7,621,927.65 ","34,108","$651,734,471.31 ",39,"$1,763,318.06 ","61,077","$818,314,583.86 ","171,935","$3,125,575,542.93 ","28,667","$245,101,354.50 ",953,"$42,387,514.17 ",279,"$83,870,628.94 "
"HEALTH AND HUMAN SERVICES, DEPARTMENT OF",7500,"304,958","$145,983,410,714.91 ","123,456","$96,437,225,305.41 ","146,981","$33,648,170,872.03 ","10,504",96,241,337,"10,167","$3,115,300,402.87 ","$12,527,946.35 ","$79,716,217.30 ","$92,244,163.65 ","$3,023,056,239.22 ","3,188","$543,387,770.97 ",895,"$197,194,669.33 ","2,900","$1,671,415,742.10 ","67,569","8,905","14,565","8,153","20,130","13,660","2,161","$19,694,991,753.06 ","$1,761,445,421.63 ","$3,853,703,218.16 ","$2,987,506,534.50 ","$4,440,583,376.74 ","$6,175,978,579.54 ","$478,487,133.65 ","12,702","$2,484,661,118.42 ",677,"$55,212,108.29 ","5,936","$1,688,123,601.05 ","3,107","$1,065,862,780.61 ",84,"$2,012,566.92 ","9,497","$2,303,719,529.10 ","24,176","$13,341,237,152.36 ",398,"$130,501,268.64 ","2,568","$1,397,591,166.79 ",967,"$177,745,297.84 "
"ENERGY, DEPARTMENT OF",8900,"43,677","$143,153,787,842.65 ","14,994","$84,620,533,890.57 ","25,187","$6,990,594,975.87 ",958,0,4,4,954,"$20,687,595,349.86 ",$0.00 ,"($88,829.91)","($88,829.91)","$20,687,684,179.77 ",649,"$226,421,326.03 ",114,"$87,932,221.06 ","1,565","$405,791,888.13 ","13,559","1,565","3,330","3,380","3,522","1,333",437,"$3,652,613,458.91 ","$457,945,944.19 ","$565,710,122.22 ","$934,200,135.16 ","$1,202,795,449.10 ","$194,253,981.13 ","$298,705,619.63 ","1,596","$298,712,110.72 ",2,$0.00 ,"1,776","$1,013,150,216.99 ",8,"$69,614.00 ",10,"$256,687.42 ",517,"$4,943,222,835.63 ","2,712","$46,474,629,611.98 ",347,"$103,628,808.57 ",168,"$7,430,688.98 ",316,"$188,010,573.22 "
"HOMELAND SECURITY, DEPARTMENT OF",7000,"249,750","$77,986,530,893.14 ","100,874","$44,484,983,555.91 ","136,385","$30,899,427,252.02 ","1,178",7,69,76,"1,102","$146,020,657.11 ",$0.00 ,"$6,004,457.87 ","$6,004,457.87 ","$140,016,199.24 ",779,"$237,427,573.50 ",628,"$143,348,107.89 ","1,311","$598,228,871.62 ","50,240","6,981","10,203","13,383","7,331","8,356","4,013","$15,797,396,175.54 ","$2,032,930,493.25 ","$2,114,931,051.29 ","$3,532,819,413.82 ","$3,309,287,377.84 ","$4,022,024,704.36 ","$786,417,784.13 ","3,091","$816,531,918.79 ",45,"$368,556.43 ","4,167","$2,523,653,223.58 ",45,"$1,167,261.19 ",236,"$2,658,680.54 ","3,547","$211,880,861.91 ","8,387","$2,201,923,332.20 ","3,889","$501,170,428.19 ","3,684","$194,179,295.31 ",627,"$736,336,383.58 "
NATIONAL AERONAUTICS AND SPACE ADMINISTRATION,8000,"102,494","$76,486,192,070.28 ","33,499","$48,572,346,509.80 ","53,613","$13,334,868,240.88 ","9,169",38,98,136,"9,033","$12,218,939,135.12 ","$11,508,631.01 ","$47,230,275.71 ","$58,738,906.72 ","$12,160,200,228.40 ",399,"$42,552,880.08 ",0,$0.00 ,"1,448","$360,249,566.77 ","22,751","2,334","4,003","4,777","5,259","5,072","1,326","$7,940,571,060.75 ","$442,939,349.59 ","$846,918,429.40 ","$1,586,101,974.89 ","$2,265,099,356.83 ","$2,049,886,284.19 ","$749,625,665.85 ","1,304","$470,431,337.91 ",0,$0.00 ,"4,175","$2,723,756,408.35 ",58,"$11,188,739.69 ",9,"$330,973.82 ","2,911","$944,029,790.10 ","12,204","$13,362,078,381.56 ",393,"$80,417,601.36 ","1,048","$555,973,498.49 ",46,"$4,887,864.23 "
GENERAL SERVICES ADMINISTRATION,4700,"5,849,510","$74,417,684,042.19 ","1,293,693","$50,285,417,335.76 ","3,401,578","$21,659,820,914.49 ","1,691",43,200,243,"1,448","$280,211,106.03 ","$208,539.42 ","$377,444.99 ","$585,984.41 ","$279,625,121.62 ","4,803","$225,375,934.42 ",938,"$63,774,952.92 ","4,493","$466,779,043.69 ","737,157","196,175","141,277","279,318","47,337","49,557","23,533","$11,139,425,624.84 ","$1,952,664,084.25 ","$2,014,062,529.93 ","$2,861,742,078.06 ","$2,351,894,696.74 ","$1,618,977,651.35 ","$340,084,584.51 ","26,835","$1,190,469,164.74 ",7,"$9,503,220.52 ","8,607","$853,911,105.88 ",32,"$3,706,529.62 ","112,560","$20,827,052.10 ","116,304","$85,954,674.09 ","910,630","$2,120,037,922.71 ","1,225,015","$2,004,617,139.25 ","22,010","$92,703,393.26 ",652,"$2,063,469,989.83 "
"AGRICULTURE, DEPARTMENT OF",1200,"268,747","$39,986,188,482.19 ","50,273","$16,329,408,313.90 ","211,229","$22,879,506,325.08 ","2,187",6,72,78,"2,109","$42,482,625.04 ","$259,757.81 ","$1,485,981.57 ","$1,745,739.38 ","$40,736,885.66 ","1,163","$121,973,542.50 ",273,"$18,536,260.37 ","1,206","$279,618,933.80 ","46,537","3,551","11,669","14,373","7,307","7,376","2,266","$6,533,282,751.47 ","$498,122,165.38 ","$929,796,973.84 ","$1,791,186,304.88 ","$1,092,280,093.07 ","$1,748,847,987.28 ","$473,092,712.02 ","5,338","$441,421,212.46 ",61,"$3,626,291.42 ","1,617","$563,645,010.63 ",97,"$1,218,495.46 ",140,"$3,857,628.55 ","3,101","$66,643,521.58 ","3,831","$665,990,564.96 ","1,403","$393,550,373.10 ","1,081","$105,853,536.42 ","1,003","$49,874,490.26 "
"STATE, DEPARTMENT OF",1900,"263,225","$39,938,862,227.61 ","183,225","$26,296,186,790.32 ","76,346","$12,733,864,112.33 ",490,0,152,152,338,"$39,162,743.93 ",$0.00 ,"$7,546,101.02 ","$7,546,101.02 ","$31,616,642.91 ","4,329","$802,225,643.78 ",239,"$335,724,457.25 ","11,113","$3,282,802,116.13 ","47,788","5,270","6,230","7,739","15,089","11,377","2,083","$9,131,507,545.74 ","$698,423,782.52 ","$731,996,621.31 ","$1,466,716,520.71 ","$4,535,781,489.37 ","$1,367,129,701.50 ","$331,459,430.33 ","4,149","$1,352,732,817.59 ",7,"$15,636.98 ","8,348","$2,453,289,992.77 ",43,"$2,621,957.91 ",9,"$42,791.70 ",177,"$10,435,054.24 ","2,415","$734,034,043.46 ",791,"$366,564,000.95 ","41,876","$1,580,952,272.51 ","85,300","$16,290,489,517.36 "
"JUSTICE, DEPARTMENT OF",1500,"389,823","$36,268,346,320.91 ","202,796","$21,690,659,697.63 ","154,029","$11,006,886,383.71 ","4,471",42,142,184,"4,287","$388,907,956.99 ","$631,829.73 ","$5,075,545.20 ","$5,707,374.93 ","$383,200,582.06 ",503,"$263,699,394.87 ",93,"$19,768,815.05 ",933,"$380,042,488.01 ","42,614","3,709","13,056","11,943","4,960","6,093","2,855","$5,028,134,983.61 ","$400,715,810.22 ","$1,090,957,637.22 ","$785,245,116.13 ","$1,928,261,356.44 ","$692,858,876.27 ","$130,113,347.00 ","1,408","$351,843,145.89 ",3,"$27,102.00 ","3,209","$1,499,759,533.44 ","5,542","$242,842,851.70 ","4,060","$117,567,673.00 ","16,124","$1,217,910,158.24 ","14,989","$1,917,427,635.80 ","1,463","$238,766,303.77 ","1,049","$246,460,564.69 ","2,126","$265,412,221.76 "
"TRANSPORTATION, DEPARTMENT OF",6900,"125,218","$31,326,015,689.42 ","51,328","$18,982,260,017.03 ","66,895","$10,662,699,887.95 ","1,777",10,36,46,"1,731","$214,092,829.10 ","$840,857.85 ","$1,992,127.45 ","$2,832,985.30 ","$211,259,843.80 ",890,"$148,242,625.69 ",90,"$30,215,209.31 ","1,601","$211,142,056.12 ","33,533","6,456","9,112","6,068","4,676","6,542",679,"$5,707,118,076.46 ","$1,472,977,505.41 ","$1,003,168,725.29 ","$929,972,614.73 ","$963,986,687.22 ","$1,267,643,932.00 ","$69,368,611.81 ","1,725","$234,332,729.11 ",3,"($37,737.00)","2,543","$634,914,359.82 ",98,"$18,074,533.24 ",65,"$1,228,046.50 ","1,512","$256,103,627.13 ","5,325","$1,393,694,063.54 ","1,740","$111,400,133.33 ",666,"$47,564,464.20 ",54,"$1,751,949.90 "
"TREASURY, DEPARTMENT OF THE",2000,"79,632","$30,646,633,952.96 ","29,270","$17,625,502,129.31 ","46,277","$12,329,477,632.17 ",178,0,5,5,173,"$8,132,471.48 ",$0.00 ,$343.00 ,$343.00 ,"$8,132,128.48 ",191,"$64,901,912.30 ",10,"$4,192,320.65 ","1,324","$382,431,269.47 ","15,429","1,716","3,991","3,672","1,508","3,860",682,"$3,186,649,561.99 ","$429,993,096.96 ","$550,339,595.56 ","$538,710,270.50 ","$599,692,494.27 ","$1,008,203,663.14 ","$59,710,441.56 ",532,"$247,733,156.96 ",0,$0.00 ,747,"$277,660,628.40 ",13,"$514,821.75 ",26,"$328,963.54 ","1,535","$61,321,002.16 ","2,501","$609,867,065.29 ",993,"$252,254,931.89 ","3,591","$4,468,361,883.39 ","1,289","$165,777,107.88 "
AGENCY FOR INTERNATIONAL DEVELOPMENT,7200,"37,791","$23,762,830,834.37 ","29,438","$18,038,916,131.08 ","6,218","$3,273,770,549.08 ",132,0,5,5,127,"$32,582,483.51 ",$0.00 ,"$8,941.46 ","$8,941.46 ","$32,573,542.05 ",11,"$107,515.61 ",0,$0.00 ,118,"$52,685,597.94 ","4,450",530,"1,137",929,621,827,410,"$2,368,039,775.46 ","$138,854,775.01 ","$267,826,237.00 ","$886,847,590.35 ","$359,687,219.60 ","$600,335,939.55 ","$114,434,818.63 ",47,"$7,211,149.94 ",0,$0.00 ,493,"$322,232,541.92 ",1,"($105,448.24)",6,"$324,456.00 ",111,"$20,336,300.01 ","1,979","$2,405,658,112.46 ",1,"$21,035.00 ","4,248","$833,262,899.51 ","19,013","$11,522,006,623.61 "
"INTERIOR, DEPARTMENT OF THE",1400,"205,952","$20,327,509,182.87 ","52,193","$8,033,462,543.49 ","141,334","$11,078,121,891.56 ","2,388",3,177,180,"2,208","$131,181,697.91 ","$76,000.00 ","$11,759,537.76 ","$11,835,537.76 ","$119,346,160.15 ","3,913","$514,648,820.83 ",289,"$63,330,265.91 ","4,205","$1,001,306,489.36 ","41,851","3,824","5,061","8,694","18,171","4,551","1,558","$5,388,070,494.12 ","$426,897,705.44 ","$447,938,576.31 ","$908,949,972.14 ","$2,626,335,166.07 ","$747,109,070.50 ","$230,969,000.77 ","12,911","$1,122,464,670.97 ",916,"$29,423,473.78 ","4,464","$993,395,035.65 ",51,"$675,359.30 ",143,"$5,410,288.06 ","6,646","$305,262,826.68 ","5,102","$631,467,043.21 ",666,"$82,344,594.01 ","1,616","$131,821,292.43 ",224,"$54,521,843.54 "
"COMMERCE, DEPARTMENT OF",1300,"84,285","$19,592,495,679.34 ","22,158","$9,615,470,265.74 ","57,243","$9,102,157,322.75 ","1,279",9,100,109,"1,170","$101,690,347.97 ","$20,265,334.00 ","$3,836,134.56 ","$24,101,468.56 ","$77,588,879.41 ",107,"$41,041,107.34 ",88,"$10,494,222.74 ",578,"$173,606,355.94 ","21,189","3,198","4,091","5,140","2,501","5,438",822,"$4,547,969,526.23 ","$883,252,478.50 ","$561,228,336.03 ","$588,417,300.39 ","$822,648,805.52 ","$1,580,922,607.61 ","$111,499,998.18 ",557,"$146,551,199.90 ",23,"$87,002.64 ","1,698","$592,063,210.95 ",11,"$38,156.04 ",40,"$605,787.39 ","1,316","$119,168,704.37 ","3,366","$715,086,759.05 ",653,"$138,724,041.23 ","1,439","$157,169,529.19 ",634,"$70,491,225.51 "
"EDUCATION, DEPARTMENT OF",9100,"10,785","$10,972,037,305.62 ","3,812","$7,038,837,763.62 ","5,241","$1,860,006,963.96 ",86,2,1,3,83,"$37,317,690.70 ","($50,531.00)",$800.00 ,"($49,731.00)","$37,367,421.70 ",7,"$418,763.50 ",0,$0.00 ,10,"$840,096.25 ","2,395",294,744,217,190,869,85,"$1,050,993,625.73 ","$120,929,612.53 ","$145,349,383.18 ","$235,368,119.67 ","$51,960,056.77 ","$312,551,553.88 ","$184,845,597.20 ",116,"$6,977,459.35 ",0,$0.00 ,72,"$45,172,566.66 ",0,$0.00 ,0,$0.00 ,704,"$796,506,790.01 ","1,027","$1,276,685,588.03 ",5,"$455,817.95 ",8,"$2,462,264.00 ",1,$326.15 
"LABOR, DEPARTMENT OF",1600,"28,005","$8,803,196,935.76 ","11,600","$4,720,984,632.21 ","15,264","$3,597,565,690.44 ",110,0,3,3,107,"$50,242,761.99 ",$0.00 ,($341.67),($341.67),"$50,243,103.66 ",147,"$69,269,404.66 ",19,"$21,947,228.82 ",534,"$291,527,989.09 ","8,721","1,299","2,590","1,438","1,205","2,003",186,"$2,836,856,822.33 ","$458,251,399.20 ","$859,408,116.24 ","$463,636,612.49 ","$550,454,002.47 ","$468,773,154.46 ","$36,333,537.47 ",247,"$95,229,778.08 ",64,"$26,828,172.18 ",952,"$468,985,200.89 ",3,"($44,641.36)",32,"$81,542.26 ",274,"$80,881,948.41 ",829,"$389,891,480.54 ",30,"$786,778.35 ",91,"$1,823,838.14 ",15,"$702,185.31 "
SOCIAL SECURITY ADMINISTRATION,2800,"34,861","$7,574,801,685.89 ","5,818","$5,092,514,740.59 ","27,845","$2,183,431,679.84 ",97,0,45,45,52,"$40,568,053.74 ",$0.00 ,"$22,893,353.27 ","$22,893,353.27 ","$17,674,700.47 ",1,"$9,612.80 ",27,"$21,827,546.99 ",22,"$30,670,514.04 ","5,029",909,"1,897",952,380,461,430,"$924,490,204.80 ","$257,952,398.79 ","$92,047,230.22 ","$127,426,890.89 ","$246,484,260.95 ","$104,413,462.35 ","$96,165,961.60 ",96,"$21,492,976.47 ",0,$0.00 ,234,"$173,079,202.77 ",36,"$21,262,997.49 ",13,"$285,234.58 ",775,"$138,881,885.32 ",430,"$137,369,914.27 ",107,"$88,107,266.54 ",39,"$1,719,514.69 ",1,"$108,000.00 "
ENVIRONMENTAL PROTECTION AGENCY,6800,"52,499","$5,171,846,668.35 ","25,294","$2,356,070,533.45 ","23,826","$2,513,792,134.89 ",438,0,18,18,420,"$31,800,913.75 ",$0.00 ,"$489,231.22 ","$489,231.22 ","$31,311,682.53 ",545,"$26,812,294.82 ",226,"$23,009,514.56 ",587,"$27,995,845.83 ","8,295","1,210","1,297","1,090","2,021","1,378","1,301","$994,145,758.82 ","$164,884,274.98 ","$164,887,168.99 ","$131,163,452.78 ","$304,715,915.21 ","$113,464,805.27 ","$115,215,060.98 ","1,039","$77,967,268.74 ",8,"$61,562.47 ","1,938","$300,368,070.06 ",6,"$12,125.02 ",5,$0.00 ,276,"$8,727,883.37 ","3,063","$291,881,736.64 ",258,"$29,199,148.09 ",178,"$8,055,710.43 ",8,"$200,737.50 "
SMALL BUSINESS ADMINISTRATION,7300,"5,470","$3,537,187,715.92 ",966,"$966,242,217.08 ","4,414","$2,560,636,121.90 ",75,4,0,4,71,"$2,089,330.25 ","$58,997.60 ",$0.00 ,"$58,997.60 ","$2,030,332.65 ",20,"$26,235,515.24 ",1,($846.37),34,"$29,437,631.15 ","2,533",385,734,589,124,645,56,"$2,179,607,646.17 ","$501,733,170.44 ","$1,083,746,147.91 ","$130,191,480.31 ","$70,912,093.39 ","$392,490,065.28 ","$534,688.84 ",93,"$37,895,828.88 ",0,$0.00 ,36,"$31,150,998.05 ",0,$0.00 ,2,($500.00),10,"$1,504,099.84 ",80,"$8,805,277.10 ",0,$0.00 ,10,"$481,079.62 ",1,$0.00 
"HOUSING AND URBAN DEVELOPMENT, DEPARTMENT OF",8600,"6,980","$3,419,901,495.42 ","2,091","$2,840,936,438.47 ","4,508","$500,823,451.97 ",19,0,0,0,19,"$1,201,198.00 ",$0.00 ,$0.00 ,$0.00 ,"$1,201,198.00 ",29,"$4,964,289.07 ",29,"$8,120,876.97 ",54,"$7,437,452.13 ","3,347",486,"1,366",569,274,600,52,"$725,080,219.60 ","$144,926,772.60 ","$286,673,708.48 ","($16,639,524.66)","$63,635,686.69 ","$232,549,386.76 ","$13,934,189.73 ",99,"$13,506,226.16 ",0,$0.00 ,177,"$48,750,310.31 ",2,"$508,436.64 ",0,$0.00 ,96,"$5,206,840.65 ",253,"$71,186,786.78 ",127,"$28,968,284.74 ",0,$0.00 ,0,$0.00 
SECURITIES AND EXCHANGE COMMISSION,5000,"7,113","$2,156,145,572.06 ","2,646","$963,410,532.21 ","4,171","$1,173,714,821.05 ",49,0,0,0,49,"$2,051,134.33 ",$0.00 ,$0.00 ,$0.00 ,"$2,051,134.33 ",6,"$9,270,114.18 ",3,$0.00 ,17,"$16,293,022.02 ","1,845",177,359,265,367,606,71,"$583,169,795.90 ","$36,695,760.60 ","$27,653,989.15 ","$78,708,067.79 ","$137,074,886.29 ","$262,775,894.93 ","$40,261,197.14 ",88,"$11,740,536.51 ",0,$0.00 ,266,"$109,183,207.76 ",7,"$317,797.00 ",108,"($250,000.00)",114,"($247,668.30)",182,"$19,267,887.10 ",13,"$1,513,946.33 ",116,"$5,769,366.30 ",110,"$8,617,880.54 "
NATIONAL SCIENCE FOUNDATION,4900,"3,775","$2,124,442,668.63 ","1,066","$1,509,237,093.94 ","2,224","$411,744,674.15 ",65,0,1,1,64,"$11,435,006.58 ",$0.00 ,"$19,575.00 ","$19,575.00 ","$11,415,431.58 ",10,"$802,144.97 ",0,$0.00 ,6,"$739,210.51 ","1,365",113,509,157,92,452,42,"$274,216,043.04 ","$19,835,352.21 ","$96,770,928.05 ","$65,577,328.13 ","$10,049,647.68 ","$76,260,375.33 ","$5,722,411.64 ",28,"$641,042.82 ",0,$0.00 ,68,"$8,988,747.15 ",0,$0.00 ,0,$0.00 ,19,"$6,581,579.00 ",466,"$196,879,321.54 ",0,$0.00 ,18,"$1,970,381.20 ",44,"$932,848,918.38 "
OFFICE OF PERSONNEL MANAGEMENT,2400,"7,440","$1,766,751,206.51 ","1,940","$544,847,163.48 ","4,827","$1,209,334,170.79 ",39,0,4,4,35,"$262,592.62 ",$0.00 ,"($65,366.50)","($65,366.50)","$327,959.12 ",19,"$6,487,304.51 ",1,($100.58),18,"$12,016,771.23 ","2,069",167,388,305,124,563,522,"$622,073,601.10 ","$29,800,680.31 ","$96,539,739.92 ","$164,228,369.45 ","$144,733,723.45 ","$185,374,677.33 ","$1,396,410.64 ",10,"$102,372.20 ",4,"($3,000.00)",90,"$138,436,274.60 ",8,"($572,384.19)",8,"$13,785.35 ",505,"$3,958,991.73 ",114,"$8,969,071.60 ",46,"$7,426,824.94 ",4,"($44,955.36)",0,$0.00 
SMITHSONIAN INSTITUTION,3300,"15,163","$1,692,437,915.73 ","6,930","$1,104,958,740.00 ","7,627","$529,794,761.85 ",231,10,16,26,205,"$14,122,032.60 ","$1,216,050.00 ","$2,542,020.53 ","$3,758,070.53 ","$10,363,962.07 ",9,"$6,801,594.61 ",4,"$29,559.15 ",25,"$8,826,811.41 ","2,583",684,913,622,66,97,201,"$326,041,790.84 ","$80,391,836.83 ","$59,260,472.87 ","$148,418,068.27 ","$10,140,434.71 ","$15,823,682.87 ","$12,007,295.29 ",36,"$7,331,216.14 ",1,"$7,924.20 ",20,"$2,636,784.42 ",2,"$142,700.00 ",0,$0.00 ,156,"$29,009,248.78 ",442,"$17,105,148.30 ",12,"$219,612.79 ","1,088","$39,353,982.60 ",328,"$4,221,504.42 "
PENSION BENEFIT GUARANTY CORPORATION,1665,"3,842","$1,442,480,936.81 ","2,605","$1,244,431,759.51 ","1,197","$195,704,561.03 ",2,0,0,0,2,"$28,056.00 ",$0.00 ,$0.00 ,$0.00 ,"$28,056.00 ",67,"$14,895,689.89 ",0,$0.00 ,70,"$15,257,361.50 ",581,57,171,72,153,113,15,"$110,978,708.95 ","$8,179,316.57 ","$31,308,418.79 ","$10,510,684.33 ","$40,116,345.67 ","$18,889,122.53 ","$1,974,821.06 ",71,"$14,477,342.15 ",0,$0.00 ,77,"$24,849,591.51 ",0,$0.00 ,0,$0.00 ,14,"$1,630,958.19 ",23,"$713,658.08 ",0,$0.00 ,51,"$48,041,388.44 ",0,$0.00 
FEDERAL COMMUNICATIONS COMMISSION,2700,"3,353","$1,020,255,934.80 ","1,735","$627,238,382.39 ","1,493","$345,193,359.65 ",0,0,0,0,0,$0.00 ,$0.00 ,$0.00 ,$0.00 ,$0.00 ,0,$0.00 ,22,"$6,603,029.10 ",5,"($31,265.80)",793,138,138,98,36,355,29,"$224,118,331.81 ","$57,707,097.44 ","$11,937,533.55 ","$11,990,330.67 ","$47,178,559.44 ","$100,391,008.48 ","$1,618,300.04 ",0,$0.00 ,0,$0.00 ,31,"$47,209,825.24 ",0,$0.00 ,0,$0.00 ,4,"$27,288.50 ",99,"$48,025,114.95 ",33,"$1,246,268.46 ",26,"$184,700.62 ",0,$0.00 
NUCLEAR REGULATORY COMMISSION,3100,"6,894","$695,368,895.85 ","2,477","$301,347,733.01 ","3,812","$359,772,945.47 ",151,0,0,0,151,"$5,137,178.25 ",$0.00 ,$0.00 ,$0.00 ,"$5,137,178.25 ",33,"$3,254,465.80 ",0,$0.00 ,83,"$10,439,142.62 ","1,988",234,647,172,495,367,73,"$236,391,079.84 ","$28,303,372.99 ","$44,024,626.05 ","$11,107,954.74 ","$41,831,411.01 ","$101,525,998.39 ","$9,597,716.66 ",35,"$5,042,905.18 ",0,$0.00 ,393,"$29,121,496.34 ",1,($115.03),4,"$7,257.40 ",145,"$4,263,937.78 ",443,"$27,065,971.59 ",0,$0.00 ,28,"$726,445.57 ",1,"$18,000.00 "
NATIONAL ARCHIVES AND RECORDS ADMINISTRATION,8800,"5,169","$673,275,914.31 ","2,603","$384,656,879.61 ","1,981","$226,260,781.33 ",183,0,0,0,183,"$34,115,235.51 ",$0.00 ,$0.00 ,$0.00 ,"$34,115,235.51 ",0,$0.00 ,0,$0.00 ,10,"$6,020,009.83 ",959,122,285,143,21,347,41,"$210,260,523.74 ","$51,057,348.26 ","$83,366,608.60 ","$20,430,975.63 ","$16,691,784.33 ","$35,317,255.83 ","$3,396,551.09 ",11,"$6,082,547.83 ",0,$0.00 ,11,"$10,671,774.50 ",0,$0.00 ,0,$0.00 ,246,"$14,568,067.32 ",338,"$47,727,648.05 ",192,"$24,362,581.03 ",5,"$96,895.28 ",0,$0.00 
"UNITED STATES AGENCY FOR GLOBAL MEDIA, BBG",9568,"17,132","$645,689,025.17 ","14,173","$456,998,956.30 ","2,837","$187,195,947.86 ",3,0,0,0,3,"$90,202.35 ",$0.00 ,$0.00 ,$0.00 ,"$90,202.35 ",0,$0.00 ,4,"$92,719.25 ",0,$0.00 ,"1,546",193,799,254,18,189,93,"$87,328,412.12 ","$11,587,790.59 ","$35,610,835.15 ","$9,090,217.19 ","$11,360,925.34 ","$15,924,430.37 ","$3,754,213.48 ",11,"$476,414.34 ",0,$0.00 ,11,"$11,117,977.20 ",0,$0.00 ,4,"($84,759.75)",29,"$203,534.97 ",87,"$1,141,557.22 ",0,$0.00 ,820,"$55,127,247.43 ","8,831","$124,592,826.87 "
PEACE CORPS,1145,"56,649","$503,446,534.82 ","55,349","$351,523,175.37 ","1,068","$142,998,466.32 ",132,0,7,7,125,"$1,334,408.19 ",$0.00 ,"$38,943.80 ","$38,943.80 ","$1,295,464.39 ",0,$0.00 ,0,$0.00 ,8,"$526,701.07 ",462,100,82,51,32,171,26,"$83,618,536.28 ","$39,248,670.18 ","$5,565,343.47 ","$9,985,257.59 ","$12,081,572.04 ","$15,730,874.95 ","$1,006,818.05 ",2,"$81,509.30 ",0,$0.00 ,31,"$12,018,147.04 ",4,"$3,413.44 ",2,"$16,500.00 ",113,"$2,736,354.53 ",108,"$5,721,849.09 ",37,"$4,924,042.38 ",56,"$2,805,517.49 ","54,525","$270,427,981.55 "
MILLENNIUM CHALLENGE CORPORATION,9543,"2,561","$436,118,688.44 ","1,055","$267,429,703.02 ","1,397","$158,040,473.75 ",18,0,0,0,18,"$3,884,668.66 ",$0.00 ,$0.00 ,$0.00 ,"$3,884,668.66 ",0,$0.00 ,0,$0.00 ,0,$0.00 ,294,18,115,67,0,36,58,"$40,575,776.16 ","$1,398,008.60 ","$9,097,820.64 ","$20,235,272.11 ",$0.00 ,"$2,585,746.80 ","$7,258,928.01 ",1,"$15,000.00 ",0,$0.00 ,0,$0.00 ,0,$0.00 ,0,$0.00 ,12,"$2,053,577.68 ",97,"$8,594,933.99 ",0,$0.00 ,191,"$74,822,451.17 ",591,"$125,120,767.18 "
CONSUMER FINANCIAL PROTECTION BUREAU,955F,"3,236","$422,837,785.06 ","1,633","$254,638,683.65 ","1,437","$146,592,935.52 ",50,0,12,12,38,"$1,473,343.36 ",$0.00 ,"$1,239,521.21 ","$1,239,521.21 ","$233,822.15 ",0,$0.00 ,0,$0.00 ,0,$0.00 ,490,62,118,127,21,124,38,"$86,105,804.71 ","$5,636,447.49 ","$15,999,696.97 ","$5,586,444.07 ","$9,181,880.46 ","$42,884,508.33 ","$6,816,827.39 ",13,"$7,933,407.50 ",0,$0.00 ,9,"$1,246,072.96 ",1,$0.00 ,0,$0.00 ,14,"$1,105,506.32 ",144,"$12,928,391.07 ",29,"$6,229,330.80 ",0,$0.00 ,0,$0.00 
GOVERNMENT ACCOUNTABILITY OFFICE,0500,"2,358","$403,795,997.02 ","1,329","$344,500,830.67 ",891,"$55,749,211.27 ",13,0,0,0,13,"$24,747.00 ",$0.00 ,$0.00 ,$0.00 ,"$24,747.00 ",10,"$2,567,544.19 ",0,$0.00 ,13,"$2,698,214.19 ",434,34,111,102,25,128,34,"$44,092,375.00 ","$1,009,295.21 ","$10,556,070.34 ","$6,292,845.81 ","$3,804,553.22 ","$18,921,493.07 ","$3,508,117.35 ",7,"$3,028,442.39 ",0,$0.00 ,11,"$1,070,208.72 ",0,$0.00 ,0,$0.00 ,22,"$905,342.95 ",116,"$2,640,612.13 ",9,"$123,694.91 ",9,"$272,967.68 ",0,$0.00 
FEDERAL TRADE COMMISSION,2900,"2,886","$342,983,940.18 ","1,394","$205,775,044.25 ","1,404","$135,788,813.64 ",17,1,1,2,15,"($186,449.95)","($148,598.45)",$0.00 ,"($148,598.45)","($37,851.50)",13,"$1,733,396.41 ",0,$0.00 ,15,"$1,733,396.41 ",580,101,167,90,27,157,38,"$63,819,112.01 ","$6,778,409.45 ","$22,699,565.38 ","$8,030,620.23 ","$1,727,455.43 ","$13,040,172.59 ","$11,542,888.93 ",27,"$1,869,746.68 ",0,$0.00 ,0,$0.00 ,1,"($8,800.00)",0,$0.00 ,7,"$33,535.82 ",81,"$1,386,546.47 ",7,"$645,976.78 ",42,"$1,125,189.65 ",16,"$374,500.00 "
COMMODITY FUTURES TRADING COMMISSION,9507,"2,350","$288,566,124.29 ","1,290","$166,811,570.47 ","1,019","$120,528,837.47 ",7,0,0,0,7,"$146,592.00 ",$0.00 ,$0.00 ,$0.00 ,"$146,592.00 ",0,$0.00 ,13,"$1,883,285.70 ",0,$0.00 ,571,79,157,87,14,206,28,"$73,518,846.00 ","$9,012,664.68 ","$17,818,668.52 ","$9,345,222.63 ","$1,923,845.91 ","$34,640,102.33 ","$778,341.93 ",2,"$195,000.00 ",0,$0.00 ,1,"$40,560.21 ",3,"$114,764.00 ",0,$0.00 ,25,"$741,756.85 ",14,"$288,959.50 ",0,$0.00 ,20,"$707,443.00 ",0,$0.00 
EQUAL EMPLOYMENT OPPORTUNITY COMMISSION,4500,"3,300","$247,800,315.88 ","1,099","$64,127,412.36 ","1,288","$56,515,894.77 ",19,0,9,9,10,"$348,107.48 ",$0.00 ,"$124,537.48 ","$124,537.48 ","$223,570.00 ",219,"$6,125,157.29 ",0,$0.00 ,53,"$1,672,957.29 ",454,47,206,57,11,83,50,"$28,452,962.74 ","$4,382,447.50 ","$6,490,847.87 ","$211,295.34 ","$521,342.46 ","$12,966,480.47 ","$3,880,549.10 ",53,"$1,659,357.29 ",216,"$5,806,200.00 ",4,"$90,385.17 ",4,"$97,660.00 ",0,$0.00 ,852,"$108,365,639.10 ",61,"$18,791,369.65 ",0,$0.00 ,1,"$4,024.00 ",0,$0.00 
EXECUTIVE OFFICE OF THE PRESIDENT,1100,"2,350","$224,406,997.97 ","1,038","$127,458,187.67 ","1,230","$85,239,096.90 ",12,0,0,0,12,"$1,358,689.00 ",$0.00 ,$0.00 ,$0.00 ,"$1,358,689.00 ",0,$0.00 ,0,$0.00 ,3,"$549,044.12 ",466,25,149,103,32,136,21,"$57,380,571.40 ","$566,237.39 ","$16,504,874.58 ","$7,686,778.25 ","$16,361,300.83 ","$14,979,050.87 ","$1,282,329.48 ",16,"$2,163,693.58 ",0,$0.00 ,14,"$13,674,774.13 ",3,"$97,200.00 ",0,$0.00 ,22,"$6,167,321.99 ",59,"$5,549,993.14 ",5,"$8,632.22 ",20,"$354,497.16 ",1,"($4,674.79)"
CORPORATION FOR NATIONAL AND COMMUNITY SERVICE,9577,"1,265","$216,016,226.94 ",687,"$124,197,198.69 ",448,"$58,017,574.63 ",8,0,5,5,3,"$292,961.60 ",$0.00 ,"$288,648.46 ","$288,648.46 ","$4,313.14 ",9,"$461,949.87 ",0,$0.00 ,9,"$461,949.87 ",187,8,83,34,18,43,1,"$23,550,692.31 ","$75,006.61 ","$8,165,023.73 ","$7,316,822.27 ","$1,347,768.36 ","$6,646,071.34 ",$0.00 ,9,"$885,818.49 ",0,$0.00 ,9,"$461,949.87 ",0,$0.00 ,3,"$132,779.41 ",20,"$4,832,619.89 ",108,"$28,921,506.41 ",21,"$2,286,253.81 ",3,"$76,814.30 ",0,$0.00 
NATIONAL GALLERY OF ART,3355,"2,530","$204,565,514.03 ",992,"$122,644,799.48 ","1,507","$80,881,784.88 ",0,0,0,0,0,$0.00 ,$0.00 ,$0.00 ,$0.00 ,$0.00 ,0,$0.00 ,0,$0.00 ,5,"$792,333.24 ",313,57,68,69,5,101,13,"$17,263,491.57 ","$953,414.98 ","$1,974,031.27 ","$2,014,982.81 ","$792,333.24 ","$10,934,898.32 ","$593,830.95 ",0,$0.00 ,0,$0.00 ,0,$0.00 ,0,$0.00 ,0,$0.00 ,0,$0.00 ,31,"$1,038,929.67 ",26,"$1,004,008.29 ",11,"$453,309.00 ",0,$0.00 
INTERNATIONAL BOUNDARY AND WATER COMMISSION: U.S.-MEXICO,19BM,"2,292","$188,187,444.10 ",755,"$116,479,996.97 ","1,389","$64,454,802.32 ",8,0,4,4,4,"$33,410.00 ",$0.00 ,"$9,000.00 ","$9,000.00 ","$24,410.00 ",3,"$3,196.00 ",0,$0.00 ,4,"$129,261.05 ",580,52,50,387,25,52,14,"$17,091,664.87 ","$1,247,185.02 ","$1,650,383.20 ","$12,325,085.30 ","$624,967.05 ","$846,653.33 ","$397,390.97 ",27,"$679,789.91 ",0,$0.00 ,0,$0.00 ,0,$0.00 ,0,$0.00 ,139,"$7,162,540.59 ",5,"$12,989.20 ",1,"$68,115.02 ",18,"$523,572.80 ",0,$0.00 
RAILROAD RETIREMENT BOARD,6000,"1,924","$170,020,046.37 ","1,003","$127,674,727.06 ",857,"$41,746,624.96 ",1,0,0,0,1,"$3,998.73 ",$0.00 ,$0.00 ,$0.00 ,"$3,998.73 ",0,$0.00 ,0,$0.00 ,0,$0.00 ,333,38,93,55,2,120,25,"$19,831,881.40 ","$1,649,687.39 ","$4,661,063.89 ","$2,057,246.19 ","$236,139.60 ","$10,643,460.02 ","$584,284.31 ",0,$0.00 ,0,$0.00 ,2,"$236,139.60 ",4,"$5,425.00 ",0,$0.00 ,29,"$284,011.25 ",35,"$314,683.10 ",1,"$129,600.00 ",7,"$241,399.97 ",0,$0.00 
EXPORT-IMPORT BANK OF THE U.S.,8300,"1,585","$168,158,978.12 ",786,"$66,382,929.69 ",771,"$101,121,450.12 ",0,0,0,0,0,$0.00 ,$0.00 ,$0.00 ,$0.00 ,$0.00 ,0,$0.00 ,0,$0.00 ,0,$0.00 ,353,102,63,67,0,113,8,"$71,227,154.07 ","$31,903,068.19 ","$2,778,681.87 ","$20,709,750.25 ",$0.00 ,"$15,562,794.96 ","$272,858.80 ",0,$0.00 ,0,$0.00 ,0,$0.00 ,0,$0.00 ,0,$0.00 ,2,"($270,639.69)",26,"$925,238.00 ",0,$0.00 ,301,"$22,320,362.67 ",25,"$251,867.49 "
COURT SERVICES AND OFFENDER SUPERVISION AGENCY,9594,"1,637","$163,061,411.01 ",410,"$40,281,483.72 ","1,082","$97,545,159.24 ",9,0,0,0,9,"$42,910.00 ",$0.00 ,$0.00 ,$0.00 ,"$42,910.00 ",3,"$5,677.60 ",0,$0.00 ,0,$0.00 ,649,91,270,134,17,127,10,"$73,124,514.00 ","$5,315,282.40 ","$34,528,582.73 ","$10,738,710.12 ","$2,804,577.62 ","$19,176,724.34 ","$560,636.79 ",9,"$24,067.78 ",0,$0.00 ,9,"$2,776,909.84 ",16,"$2,896,691.57 ",0,$0.00 ,3,"($107,741.75)",133,"$24,630,476.08 ",11,"$1,058,894.78 ",10,"$406,775.00 ",1,"$10,595.50 "
CONSUMER PRODUCT SAFETY COMMISSION,6100,"2,808","$153,430,185.85 ","1,146","$63,420,031.99 ",702,"$71,612,775.95 ",101,0,0,0,101,"$5,442,410.74 ",$0.00 ,$0.00 ,$0.00 ,"$5,442,410.74 ",0,$0.00 ,0,$0.00 ,0,$0.00 ,349,46,63,28,12,150,50,"$51,492,923.59 ","$16,040,474.27 ","$7,046,097.44 ","$680,919.25 ","$372,508.75 ","$25,861,319.71 ","$1,491,604.17 ",3,"$262,030.89 ",0,$0.00 ,3,"$99,446.05 ",416,"$7,810,805.50 ",0,$0.00 ,419,"$5,381,164.99 ",501,"$12,819,770.70 ",0,$0.00 ,5,"$71,671.00 ",0,$0.00 
UNITED STATES INTERNATIONAL DEVELOPMENT FINANCE CORPORATION,7700,"1,417","$131,751,447.59 ",692,"$50,997,358.04 ",690,"$79,514,804.21 ",0,0,0,0,0,$0.00 ,$0.00 ,$0.00 ,$0.00 ,$0.00 ,0,$0.00 ,0,$0.00 ,11,"$825,794.29 ",259,23,120,33,9,72,2,"$26,642,638.59 ","$2,899,456.51 ","$8,506,366.98 ","$4,248,468.14 ","$372,322.29 ","$10,668,482.92 ","($52,458.25)",0,$0.00 ,0,$0.00 ,0,$0.00 ,0,$0.00 ,0,$0.00 ,5,"$403,000.00 ",29,"$631,285.34 ",3,"$565,533.20 ",34,"$927,291.00 ",25,"$6,077,772.32 "
NATIONAL LABOR RELATIONS BOARD,6300,887,"$102,282,610.53 ",419,"$37,239,389.53 ",456,"$65,003,765.86 ",1,0,0,0,1,$0.00 ,$0.00 ,$0.00 ,$0.00 ,$0.00 ,0,$0.00 ,0,$0.00 ,79,"$39,046,045.04 ",255,7,21,73,6,68,80,"$60,362,547.18 ","$58,396.68 ","$784,880.85 ","$6,416,076.74 ","$7,050,969.60 ","$6,851,363.30 ","$39,200,860.01 ",2,"$13,874.76 ",0,$0.00 ,5,"$7,050,969.60 ",0,$0.00 ,0,$0.00 ,10,"$36,395.47 ",1,"($1,617.43)",0,$0.00 ,0,$0.00 ,0,$0.00 
UNITED STATES TRADE AND DEVELOPMENT AGENCY,1153,981,"$90,328,794.41 ",212,"$10,213,928.72 ",591,"$60,609,823.82 ",1,0,0,0,1,"$174,230.00 ",$0.00 ,$0.00 ,$0.00 ,"$174,230.00 ",0,$0.00 ,0,$0.00 ,1,"$1,988,870.80 ",231,29,96,55,1,36,14,"$38,436,141.09 ","$12,216,146.19 ","$12,352,476.40 ","$3,881,806.70 ","$1,988,870.80 ","$7,295,516.31 ","$701,324.69 ",2,"$859,500.00 ",0,$0.00 ,0,$0.00 ,0,$0.00 ,0,$0.00 ,0,$0.00 ,178,"$19,505,041.87 ",0,$0.00 ,2,"$527,840.00 ",11,"$145,171.91 "
DISTRICT OF COLUMBIA COURTS,9534,644,"$74,475,873.36 ",467,"$59,353,735.65 ",112,"$9,825,431.90 ",0,0,0,0,0,$0.00 ,$0.00 ,$0.00 ,$0.00 ,$0.00 ,0,$0.00 ,0,$0.00 ,0,$0.00 ,168,11,102,12,0,41,2,"$12,976,100.86 ","$708,697.94 ","$4,403,727.82 ","$435,160.22 ",$0.00 ,"$4,508,514.88 ","$2,920,000.00 ",1,"$383,900.00 ",0,$0.00 ,0,$0.00 ,0,$0.00 ,0,$0.00 ,35,"$3,783,303.31 ",29,"$1,129,502.50 ",1,"$3,899.00 ",4,"$65,860.00 ",0,$0.00 
FEDERAL ELECTION COMMISSION,9506,667,"$51,653,849.26 ",255,"$26,287,822.92 ",407,"$25,291,026.34 ",0,0,0,0,0,$0.00 ,$0.00 ,$0.00 ,$0.00 ,$0.00 ,2,$0.00 ,0,$0.00 ,2,$0.00 ,138,15,65,24,2,17,15,"$6,328,595.97 ","$412,583.25 ","$2,382,770.10 ","$853,985.87 ",$0.00 ,"$1,606,354.44 ","$1,072,902.31 ",2,$0.00 ,0,$0.00 ,2,$0.00 ,0,$0.00 ,0,$0.00 ,5,"$75,000.00 ",0,$0.00 ,0,$0.00 ,0,$0.00 ,0,$0.00 
NATIONAL TRANSPORTATION SAFETY BOARD,9508,901,"$51,359,103.50 ",467,"$35,958,695.80 ",408,"$14,979,269.96 ",10,0,0,0,10,"$109,655.46 ",$0.00 ,$0.00 ,$0.00 ,"$109,655.46 ",0,$0.00 ,0,$0.00 ,0,$0.00 ,172,29,69,16,9,38,12,"$7,699,573.30 ","$1,136,209.78 ","$3,560,651.56 ","$877,869.11 ","$707,391.82 ","$1,328,046.96 ","$224,674.07 ",1,"$30,508.00 ",0,$0.00 ,8,"$692,631.82 ",0,$0.00 ,2,"$90,206.52 ",10,"$194,193.98 ",16,"$226,943.76 ",0,$0.00 ,4,"($12,348.30)",0,$0.00 
INTERNATIONAL TRADE COMMISSION,3400,539,"$35,872,106.40 ",198,"$9,010,460.94 ",308,"$25,576,755.71 ",11,0,0,0,11,"$270,305.00 ",$0.00 ,$0.00 ,$0.00 ,"$270,305.00 ",1,"$87,276.00 ",0,$0.00 ,0,$0.00 ,115,17,22,12,9,53,2,"$10,760,605.29 ","$389,039.43 ","$128,195.21 ","$485,416.61 ","$1,392,006.74 ","$8,351,208.65 ","$14,738.65 ",6,"$1,321,302.06 ",0,$0.00 ,2,"$59,544.68 ",0,$0.00 ,0,$0.00 ,9,"$383,479.94 ",20,"$206,516.87 ",0,$0.00 ,23,"$519,738.41 ",0,$0.00 
OVERSEAS PRIVATE INVESTMENT CORPORATION,7100,472,"$34,581,731.37 ",214,"$10,243,485.36 ",243,"$23,139,880.01 ",0,0,0,0,0,$0.00 ,$0.00 ,$0.00 ,$0.00 ,$0.00 ,0,$0.00 ,1,$0.00 ,0,$0.00 ,88,6,32,21,6,20,3,"$8,517,611.56 ","$548,646.08 ","$2,359,337.58 ","$1,468,830.89 ","$512,033.53 ","$3,592,338.04 ","$36,425.44 ",0,$0.00 ,0,$0.00 ,5,"$512,033.53 ",0,$0.00 ,0,$0.00 ,1,"$325,000.00 ",13,"$668,366.00 ",1,"$205,000.00 ",17,"$514,080.00 ",22,"$1,095,942.08 "
THE INSTITUTE OF MUSEUM AND LIBRARY SERVICES,5300,239,"$24,411,659.74 ",47,"$2,363,032.27 ",139,"$12,261,232.01 ",1,0,0,0,1,"$35,829.00 ",$0.00 ,$0.00 ,$0.00 ,"$35,829.00 ",3,"$607,169.11 ",0,$0.00 ,3,"$607,169.11 ",52,1,10,19,1,17,4,"$7,069,763.57 ","$24,113.65 ","$769,358.10 ","$1,503,108.00 ","$81,029.54 ","$4,590,955.28 ","$101,199.00 ",4,"$688,198.65 ",0,$0.00 ,0,$0.00 ,0,$0.00 ,0,$0.00 ,9,"$98,623.50 ",44,"$9,688,771.96 ",0,$0.00 ,0,$0.00 ,0,$0.00 
DEFENSE NUCLEAR FACILITIES SAFETY BOARD,9516,166,"$23,451,202.74 ",52,"$5,134,702.05 ",110,"$17,951,031.09 ",0,0,0,0,0,$0.00 ,$0.00 ,$0.00 ,$0.00 ,$0.00 ,0,$0.00 ,0,$0.00 ,0,$0.00 ,57,5,15,22,12,3,0,"$18,080,965.98 ","$987,427.46 ","$3,104,092.46 ","$8,232,872.59 ","$5,684,673.47 ","$71,900.00 ",$0.00 ,0,$0.00 ,0,$0.00 ,12,"$5,684,673.47 ",0,$0.00 ,2,"$96,393.60 ",2,"$96,393.60 ",2,"$269,076.00 ",0,$0.00 ,0,$0.00 ,0,$0.00 
SELECTIVE SERVICE SYSTEM,9000,431,"$22,032,048.17 ",324,"$15,371,799.66 ",92,"$6,565,043.75 ",0,0,0,0,0,$0.00 ,$0.00 ,$0.00 ,$0.00 ,$0.00 ,1,"$61,619.12 ",0,$0.00 ,0,$0.00 ,70,2,18,2,0,47,1,"$7,066,276.99 ","$89,000.00 ","$1,596,405.60 ","$76,680.00 ",$0.00 ,"$5,197,229.62 ","$106,961.77 ",0,$0.00 ,0,$0.00 ,0,$0.00 ,0,$0.00 ,0,$0.00 ,7,"$31,725.45 ",8,"$63,479.31 ",0,$0.00 ,0,$0.00 ,0,$0.00 
J. F. KENNEDY CENTER FOR THE PERFORMING ARTS,3352,202,"$20,655,475.37 ",101,"$11,118,182.74 ",94,"$9,407,572.58 ",0,0,0,0,0,$0.00 ,$0.00 ,$0.00 ,$0.00 ,$0.00 ,0,$0.00 ,0,$0.00 ,0,$0.00 ,24,12,5,1,0,6,0,"$7,137,025.49 ","$6,513,685.58 ","$466,079.41 ","$5,282.00 ",$0.00 ,"$151,978.50 ",$0.00 ,0,$0.00 ,0,$0.00 ,0,$0.00 ,0,$0.00 ,5,"$112,429.99 ",6,"$114,720.05 ",1,"$15,000.00 ",0,$0.00 ,0,$0.00 ,0,$0.00 
FEDERAL MEDIATION AND CONCILIATION SERVICE,9300,532,"$16,887,989.80 ",126,"$4,568,298.96 ",392,"$12,265,637.28 ",0,0,0,0,0,$0.00 ,$0.00 ,$0.00 ,$0.00 ,$0.00 ,0,$0.00 ,0,$0.00 ,0,$0.00 ,137,6,49,1,3,62,16,"$7,436,593.57 ","$519,081.79 ","$859,377.98 ","$56,001.32 ","$175,744.56 ","$3,164,912.08 ","$2,661,475.84 ",3,"$175,744.56 ",0,$0.00 ,0,$0.00 ,0,$0.00 ,0,$0.00 ,13,"$47,843.56 ",1,"$6,210.00 ",0,$0.00 ,0,$0.00 ,0,$0.00 
"INTERNATIONAL TRADE COMMISSION, UNITED STATES (DUNS # 02-1877998)",3400,261,"$16,548,274.79 ",107,"$4,526,660.55 ",148,"$11,869,114.24 ",6,0,0,0,6,"$107,235.00 ",$0.00 ,$0.00 ,$0.00 ,"$107,235.00 ",1,"$175,786.98 ",0,$0.00 ,1,"$175,786.98 ",50,6,10,9,9,16,0,"$4,762,589.66 ","$160,626.83 ","$128,429.04 ","$35,027.41 ","$470,035.38 ","$3,968,471.00 ",$0.00 ,5,"$208,569.58 ",0,$0.00 ,3,"$85,678.82 ",0,$0.00 ,0,$0.00 ,4,"$140,000.00 ",2,"$12,500.00 ",0,$0.00 ,12,"$228,034.80 ",0,$0.00 
MERIT SYSTEMS PROTECTION BOARD,4100,874,"$15,664,561.61 ",364,"$9,545,023.24 ",472,"$5,740,439.69 ",2,0,0,0,2,"$8,097.26 ",$0.00 ,$0.00 ,$0.00 ,"$8,097.26 ",0,$0.00 ,0,$0.00 ,0,$0.00 ,134,16,70,1,1,35,11,"$2,179,341.96 ","$228,422.86 ","$785,255.45 ","($3,600.00)","$110,234.94 ","$1,058,058.53 ",$970.18 ,1,"$110,234.94 ",0,$0.00 ,0,$0.00 ,0,$0.00 ,0,$0.00 ,14,"$116,798.65 ",17,"$244,092.92 ",7,"$18,207.11 ",1,"($10,000.00)",0,$0.00 
NATIONAL ENDOWMENT FOR THE ARTS,5920,230,"$14,410,431.16 ",62,"$761,986.33 ",165,"$13,571,647.15 ",0,0,0,0,0,$0.00 ,$0.00 ,$0.00 ,$0.00 ,$0.00 ,0,$0.00 ,0,$0.00 ,0,$0.00 ,97,10,44,19,0,23,1,"$10,051,472.59 ","$231,194.18 ","$4,512,838.67 ","$177,940.62 ",$0.00 ,"$5,128,563.12 ",$936.00 ,0,$0.00 ,0,$0.00 ,0,$0.00 ,0,$0.00 ,0,$0.00 ,2,"$62,232.68 ",1,"$14,565.00 ",0,$0.00 ,0,$0.00 ,0,$0.00 
FEDERAL MARITIME COMMISSION,6500,328,"$13,956,693.14 ",213,"$9,487,580.63 ",109,"$4,107,776.01 ",2,0,0,0,2,"$46,832.00 ",$0.00 ,$0.00 ,$0.00 ,"$46,832.00 ",0,$0.00 ,0,$0.00 ,0,$0.00 ,40,12,4,7,2,15,0,"$3,121,786.20 ","$489,500.39 ","($72,002.21)","$1,456,983.14 ","$233,191.00 ","$1,014,113.88 ",$0.00 ,0,$0.00 ,0,$0.00 ,2,"$233,191.00 ",0,$0.00 ,1,$0.00 ,1,$0.00 ,5,"$361,336.50 ",0,$0.00 ,12,"$56,969.11 ",0,$0.00 
THE COUNCIL OF THE INSPECTORS GENERAL ON INTEGRITY AND EFFICIENCY,9511,95,"$13,266,794.05 ",65,"$8,641,227.53 ",6,"$1,694,013.00 ",16,0,0,0,16,"$2,160,000.00 ",$0.00 ,$0.00 ,$0.00 ,"$2,160,000.00 ",0,$0.00 ,0,$0.00 ,0,$0.00 ,5,2,0,0,0,3,0,"$1,587,390.75 ","$161,841.68 ",$0.00 ,$0.00 ,$0.00 ,"$1,425,549.07 ",$0.00 ,0,$0.00 ,0,$0.00 ,0,$0.00 ,0,$0.00 ,0,$0.00 ,0,$0.00 ,24,"$2,931,553.52 ",0,$0.00 ,0,$0.00 ,0,$0.00 
FEDERAL MINE SAFETY AND HEALTH REVIEW COMMISSION,9504,693,"$11,241,681.99 ",562,"$9,564,451.92 ",66,"$1,544,736.14 ",0,0,0,0,0,$0.00 ,$0.00 ,$0.00 ,$0.00 ,$0.00 ,0,$0.00 ,0,$0.00 ,0,$0.00 ,75,0,54,21,0,0,0,"$1,322,453.43 ",$0.00 ,"$288,432.59 ","$1,034,020.84 ",$0.00 ,$0.00 ,$0.00 ,0,$0.00 ,0,$0.00 ,0,$0.00 ,0,$0.00 ,0,$0.00 ,65,"$132,493.93 ",0,$0.00 ,0,$0.00 ,0,$0.00 ,0,$0.00 
NATIONAL ENDOWMENT FOR THE HUMANITIES,4340,220,"$9,788,010.55 ",79,"$3,514,779.62 ",140,"$6,279,205.75 ",0,0,0,0,0,$0.00 ,$0.00 ,$0.00 ,$0.00 ,$0.00 ,0,$0.00 ,0,$0.00 ,0,$0.00 ,46,17,11,4,2,12,0,"$3,958,856.83 ","$2,040,206.44 ","$734,297.59 ","$11,822.71 ","$496,775.04 ","$675,755.05 ",$0.00 ,0,$0.00 ,0,$0.00 ,2,"$496,775.04 ",0,$0.00 ,0,$0.00 ,1,"($5,974.82)",0,$0.00 ,0,$0.00 ,0,$0.00 ,0,$0.00 
FEDERAL LABOR RELATIONS AUTHORITY,5400,339,"$9,396,939.34 ",121,"$873,915.16 ",204,"$8,319,080.18 ",0,0,0,0,0,$0.00 ,$0.00 ,$0.00 ,$0.00 ,$0.00 ,0,$0.00 ,0,$0.00 ,0,$0.00 ,42,2,29,5,0,6,0,"$3,595,586.95 ","$615,937.22 ","$2,077,390.28 ","$742,577.60 ",$0.00 ,"$159,681.85 ",$0.00 ,5,"$428,730.20 ",0,$0.00 ,0,$0.00 ,0,$0.00 ,0,$0.00 ,13,"$164,520.00 ",1,"$39,424.00 ",0,$0.00 ,0,$0.00 ,0,$0.00 
COMMITTEE FOR PURCHASE FROM PEOPLE WHO ARE BLIND OR SEVERELY DISABLED,9518,186,"$8,623,671.68 ",54,"$1,838,613.57 ",132,"$6,785,058.11 ",0,0,0,0,0,$0.00 ,$0.00 ,$0.00 ,$0.00 ,$0.00 ,0,$0.00 ,0,$0.00 ,15,"$659,317.50 ",72,0,38,12,0,17,5,"$4,382,951.83 ",$0.00 ,"$2,733,268.71 ","$479,220.64 ",$0.00 ,"$1,161,164.08 ","$9,298.40 ",0,$0.00 ,0,$0.00 ,0,$0.00 ,0,$0.00 ,0,$0.00 ,0,$0.00 ,0,$0.00 ,0,$0.00 ,0,$0.00 ,0,$0.00 
PRETRIAL SERVICES AGENCY,959P,173,"$6,660,436.54 ",76,"$2,597,255.76 ",79,"$2,749,764.64 ",2,0,0,0,2,"($2,495.00)",$0.00 ,$0.00 ,$0.00 ,"($2,495.00)",0,$0.00 ,0,$0.00 ,0,$0.00 ,18,7,4,4,0,3,0,"$757,725.64 ","$288,369.71 ","$398,785.00 ","$37,430.29 ",$0.00 ,"$33,140.64 ",$0.00 ,0,$0.00 ,0,$0.00 ,0,$0.00 ,4,"$279,328.00 ",0,$0.00 ,7,"$706,800.00 ",7,"$327,288.14 ",1,"$303,919.00 ",0,$0.00 ,0,$0.00 
OCCUPATIONAL SAFETY AND HEALTH REVIEW COMMISSION,9514,245,"$5,299,454.83 ",95,"$2,726,526.33 ",147,"$2,486,428.50 ",0,0,0,0,0,$0.00 ,$0.00 ,$0.00 ,$0.00 ,$0.00 ,0,$0.00 ,0,$0.00 ,0,$0.00 ,48,7,28,13,0,0,0,"$824,624.25 ","$125,542.70 ","$452,870.87 ","$246,210.68 ",$0.00 ,$0.00 ,$0.00 ,0,$0.00 ,0,$0.00 ,0,$0.00 ,0,$0.00 ,0,$0.00 ,3,"$86,500.00 ",0,$0.00 ,0,$0.00 ,0,$0.00 ,0,$0.00 
FEDERAL HOUSING FINANCE AGENCY,9542,19,"$2,555,114.91 ",15,"$1,845,229.77 ",4,"$709,885.14 ",0,0,0,0,0,$0.00 ,$0.00 ,$0.00 ,$0.00 ,$0.00 ,0,$0.00 ,0,$0.00 ,0,$0.00 ,4,4,0,0,0,0,0,"$709,885.14 ","$709,885.14 ",$0.00 ,$0.00 ,$0.00 ,$0.00 ,$0.00 ,0,$0.00 ,0,$0.00 ,0,$0.00 ,0,$0.00 ,0,$0.00 ,0,$0.00 ,0,$0.00 ,0,$0.00 ,0,$0.00 ,0,$0.00 
MORRIS K. UDALL SCHOLARSHIP AND EXCELLENCE IN NATIONAL ENVIRONMENTAL POLICY FOUNDATION,9545,33,"$1,380,454.22 ",2,"$88,827.72 ",17,"$483,336.34 ",0,0,0,0,0,$0.00 ,$0.00 ,$0.00 ,$0.00 ,$0.00 ,1,"$25,060.00 ",0,$0.00 ,0,$0.00 ,5,0,0,4,0,1,0,"$174,685.64 ",$0.00 ,$0.00 ,"$163,285.64 ",$0.00 ,"$11,400.00 ",$0.00 ,1,"$11,400.00 ",1,"$25,060.00 ",0,$0.00 ,0,$0.00 ,0,$0.00 ,1,"$25,060.00 ",13,"$783,230.16 ",0,$0.00 ,0,$0.00 ,0,$0.00 
ADMINISTRATIVE CONFERENCE OF THE U. S.,9515,30,"$763,313.69 ",21,"$584,996.39 ",9,"$178,317.30 ",0,0,0,0,0,$0.00 ,$0.00 ,$0.00 ,$0.00 ,$0.00 ,0,$0.00 ,0,$0.00 ,0,$0.00 ,14,0,1,13,0,0,0,"$383,053.30 ",$0.00 ,"$29,517.30 ","$353,536.00 ",$0.00 ,$0.00 ,$0.00 ,0,$0.00 ,0,$0.00 ,0,$0.00 ,0,$0.00 ,0,$0.00 ,0,$0.00 ,0,$0.00 ,0,$0.00 ,0,$0.00 ,0,$0.00 
CHEMICAL SAFETY AND HAZARD INVESTIGATION BOARD,9565,41,"$645,817.06 ",14,"$2,498.41 ",27,"$643,318.65 ",0,0,0,0,0,$0.00 ,$0.00 ,$0.00 ,$0.00 ,$0.00 ,0,$0.00 ,0,$0.00 ,0,$0.00 ,1,0,1,0,0,0,0,"$385,378.50 ",$0.00 ,"$385,378.50 ",$0.00 ,$0.00 ,$0.00 ,$0.00 ,0,$0.00 ,0,$0.00 ,0,$0.00 ,0,$0.00 ,0,$0.00 ,0,$0.00 ,0,$0.00 ,0,$0.00 ,1,"($29,386.00)",0,$0.00 
MARINE MAMMAL COMMISSION,9513,27,"$508,006.84 ",14,"$318,422.28 ",12,"$185,084.56 ",0,0,0,0,0,$0.00 ,$0.00 ,$0.00 ,$0.00 ,$0.00 ,0,$0.00 ,0,$0.00 ,0,$0.00 ,4,0,1,3,0,0,0,"$152,500.00 ",$0.00 ,"$125,000.00 ","$27,500.00 ",$0.00 ,$0.00 ,$0.00 ,0,$0.00 ,0,$0.00 ,0,$0.00 ,0,$0.00 ,0,$0.00 ,1,"$4,500.00 ",0,$0.00 ,0,$0.00 ,0,$0.00 ,0,$0.00 
NUCLEAR WASTE TECHNICAL REVIEW BOARD,4856,1,"$29,835.08 ",1,"$29,835.08 ",0,$0.00 ,0,0,0,0,0,$0.00 ,$0.00 ,$0.00 ,$0.00 ,$0.00 ,0,$0.00 ,0,$0.00 ,0,$0.00 ,0,0,0,0,0,0,0,$0.00 ,$0.00 ,$0.00 ,$0.00 ,$0.00 ,$0.00 ,$0.00 ,0,$0.00 ,0,$0.00 ,0,$0.00 ,0,$0.00 ,0,$0.00 ,0,$0.00 ,0,$0.00 ,0,$0.00 ,0,$0.00 ,0,$0.00 
LIBRARY OF CONGRESS,0300,76,"$21,600.00 ",49,"$13,000.00 ",16,"$5,600.00 ",2,0,0,0,2,$0.00 ,$0.00 ,$0.00 ,$0.00 ,$0.00 ,0,$0.00 ,0,$0.00 ,0,$0.00 ,0,0,0,0,0,0,0,$0.00 ,$0.00 ,$0.00 ,$0.00 ,$0.00 ,$0.00 ,$0.00 ,0,$0.00 ,0,$0.00 ,0,$0.00 ,0,$0.00 ,0,$0.00 ,0,$0.00 ,11,"$3,000.00 ",0,$0.00 ,4,"$1,500.00 ",0,$0.00 
Total,,"317,577,581","$2,594,578,374,441.19 ","302,332,141","$1,856,351,951,732.29 ","13,326,449","$582,427,961,993.15 ","80,516",494,"3,153","3,647","76,869","$51,746,597,627.98 ","$59,914,997.14 ","$426,637,511.16 ","$486,552,508.30 ","$51,260,045,119.68 ","40,104","$9,416,640,412.28 ","16,453","$5,088,543,889.06 ","68,618","$22,267,552,922.62 ","2,339,193","539,192","427,383","589,018","274,426","318,946","190,465","$245,850,143,806.20 ","$32,375,048,250.52 ","$41,251,194,292.92 ","$48,063,858,675.45 ","$70,661,958,213.06 ","$42,255,289,606.23 ","$11,291,694,496.98 ","128,492","$20,216,546,552.49 ","2,847","$146,953,364.13 ","115,799","$43,908,439,708.18 ","45,117","$2,575,759,878.89 ","122,613","$756,243,455.20 ","334,978","$17,903,653,307.26 ","1,421,536","$132,364,126,004.35 ","1,472,319","$14,263,671,624.73 ","616,616","$58,535,575,243.14 ","6,149,603","$77,238,502,776.56 "